syndrome,syndrome_features,syndrome_inheritence,syndrome_name,syndrome_synonyms,syndrome_url
ACRODYSOSTOSIS,"Skeletal dysplasia, severe brachydactyly, midfacial hypoplasia and intellectual disability",AD,Acrodysostosis,,https://www.dbdb.urmc.rochester.edu/syndromes/ACRODYSOSTOSIS?content-type=text/html
ADNFLE,,AD,Autosomal dominant nocturnal frontal lobe epilepsy,,https://www.dbdb.urmc.rochester.edu/syndromes/ADNFLE?content-type=text/html
ADPEAF,Focal seizures with auditory features as the most common ictal phenomena,AD,Autosomal dominant partial epilepsy with auditory features,Autosomal dominant temporal lobe epilepsy,https://www.dbdb.urmc.rochester.edu/syndromes/ADPEAF?content-type=text/html
ADSD,"Reduced activity of adenylosuccinate lyase, intellectual disability, autism, epilepsy",AR,Adenylosuccinase deficiency,,https://www.dbdb.urmc.rochester.edu/syndromes/ADSD?content-type=text/html
AGC1DS,"Arrested psychomotor development, hypotonia, seizures, and global cerebral hypomyelination.",AR,AGC1 deficiency syndrome,,https://www.dbdb.urmc.rochester.edu/syndromes/AGC1DS?content-type=text/html
AGS,"Developmental delay, subacute encephalopathy, irritability, sterile pyrexia, intracranial calcifications",AR (most),Aicardi-Goutières syndrome,,https://www.dbdb.urmc.rochester.edu/syndromes/AGS?content-type=text/html
AHC,Alternating hemiplegia,AD,Alternating hemiplegia of childhood,,https://www.dbdb.urmc.rochester.edu/syndromes/AHC?content-type=text/html
AHDS,Intellectual disability,XL,Allan-Herndon-Dudley syndrome,,https://www.dbdb.urmc.rochester.edu/syndromes/AHDS?content-type=text/html
APMR,"Alopecia of scalp, absence of facial and body hair, mild to severe intellectual disability.",AR,Alopecia with mental retardation,AMR syndrome,https://www.dbdb.urmc.rochester.edu/syndromes/APMR?content-type=text/html
ARCA1,"Cerebellar ataxia, dysarthria, abnormal eye movements",AR,Autosomal recessive cerebellar ataxia type 1,Cerebellar ataxia of Beauce,https://www.dbdb.urmc.rochester.edu/syndromes/ARCA1?content-type=text/html
ATRX,"Anemia (alpha-thalassemia), hypotonia, intellectual disability, dysmorphic features including hypertelorism, tented upper lip, coarsening of facial features",XL,Alpha-Thalassemia X-Linked Intellectual Disability syndrome,"ATRX syndrome, XLMR-Hypotonic Face syndrome",https://www.dbdb.urmc.rochester.edu/syndromes/ATRX?content-type=text/html
Acrocallosal,"Macrocephaly, hypoplastic midface, dysplastic ears, hypertelorism, down-slanting palpebral fissures, optic/retinal abnormalities, nystagmus, polydactyly (pre- and post-axial), bifid phalanges of thumbs, duplicated halluces, mental retardation, seizures",AR,Acrocallosal syndrome,,https://www.dbdb.urmc.rochester.edu/syndromes/Acrocallosal?content-type=text/html
Aicardi,"Agenesis of the corpus callosum, mental retardation, infantile spasms, chorioretinal lacunae.",XL (lethal in males),Aicardi syndrome,,https://www.dbdb.urmc.rochester.edu/syndromes/Aicardi?content-type=text/html
Amish_MIC,Severe congenital microcephaly,AR,Amish microcephaly,,https://www.dbdb.urmc.rochester.edu/syndromes/Amish_MIC?content-type=text/html
Andermann,"Elongated facies, facial asymmetry, hypertelorism, protruding tongue, progressive distal and proximal limb weakness with denervation on EMG, mild to severe mental retardation, agenesis of the corpus callosum",AR,Andermann syndrome,"Agenesis of the corpus callosum with peripheral neuropathy, Charlevoix Disease",https://www.dbdb.urmc.rochester.edu/syndromes/Andermann?content-type=text/html
Angelman,"Intellectual disability, postnatal microcephaly, inappropriate laughter, epilepsy",IMPR,Angelman syndrome,,https://www.dbdb.urmc.rochester.edu/syndromes/Angelman?content-type=text/html
Apert,"Acrocephalosyndactyly, acrobrachycephaly, coronal craniosynostosis, symmetric osseous and/or cutaneous syndactyly of hands and feet, broad thumbs and great toes",AD,Apert syndrome,"Acrocephalosyndactyly, type 1, Apert-Crouzon disease",https://www.dbdb.urmc.rochester.edu/syndromes/Apert?content-type=text/html
Axenfeld_Rieger,"A spectrum of ocular anomalies that includes prominent and anteriorly displaced line of Schwalbe, attached strands of peripheral iris, displaced pupils, atypical coloboma, polycoria. Increased risk of glaucoma. Facial dysmorphism includes maxillary hypoplasia, receding chin, and hypodontia.",AD,Axenfeld-Rieger syndrome,,https://www.dbdb.urmc.rochester.edu/syndromes/Axenfeld_Rieger?content-type=text/html
BFLS,"Intellectual disability, obesity, epilepsy",XL,Borjeson-Forssman-Lehmann syndrome,,https://www.dbdb.urmc.rochester.edu/syndromes/BFLS?content-type=text/html
BFNS,Generalized or focal seizures starting around postnatal day three and spontaneously remitting within the first month of life,AD/de novo,Benign familial neonatal seizures,,https://www.dbdb.urmc.rochester.edu/syndromes/BFNS?content-type=text/html
BHC,"Choreathetosis, thyroid dysfunction, respiratory distress",AD,Benign hereditary chorea,,https://www.dbdb.urmc.rochester.edu/syndromes/BHC?content-type=text/html
BWS,"Short stature, facial dysmorphology (hypertelorism, epicanthal folds), ptosis, colobomata, CNS migrational abnormalities, sensorineural hearing loss",AD/de novo,Baraitser-Winter syndrome,,https://www.dbdb.urmc.rochester.edu/syndromes/BWS?content-type=text/html
Bardet_Biedl,"Intellectual disability, rod-cone retinal dystrophy, truncal obesity, postaxial polydactyly, male hypogonadotrophic hypogonadism, complex female genitourinary malformations, and renal abnormalities.",AR,Bardet-Biedl syndrome,,https://www.dbdb.urmc.rochester.edu/syndromes/Bardet_Biedl?content-type=text/html
Beckwith_Wiedemann,"Generalized overgrowth, including macrosomia, macroglossia, and visceromegaly. Neonatal presentation includes hypoglycemia and omphalocele. A variety of embryonal tumors may occur.",IMPR,Beckwith-Wiedemann syndrome,,https://www.dbdb.urmc.rochester.edu/syndromes/Beckwith_Wiedemann?content-type=text/html
Bosma,"Complete or incomplete arhinia, variable abnormalities of the eyes, including microphthalmia",AR,Bosma Arhinia Microphthalmia syndrome,"Arhinia, choanal atresia, and microphthalmia",https://www.dbdb.urmc.rochester.edu/syndromes/Bosma?content-type=text/html
CAMRQ,Nonprogressive cerebellar ataxia and intellectual disability,AR,"Cerebellar ataxia, mental retardation, and dysequilibrium syndrome",Dysequilibrium syndrome,https://www.dbdb.urmc.rochester.edu/syndromes/CAMRQ?content-type=text/html
CAPOS,"Cerebellar ataxia, areflexia, pes cavus, optic atrophy and sensorineural hearing loss",AD,CAPOS syndrome,,https://www.dbdb.urmc.rochester.edu/syndromes/CAPOS?content-type=text/html
CCHS,"Hypoventilation in infancy, autonomic nervous system dysregulation, some have abnormalities of neural crest development including hirschsprung disease, tumors of neural crest origin",AD/de novo,Congenital central hypoventilation syndrome,,https://www.dbdb.urmc.rochester.edu/syndromes/CCHS?content-type=text/html
CCMS,"Severe  micrognathia, rib defects, and intellectual disability",AD/De novo,Cerebrocostomandibular syndrome,,https://www.dbdb.urmc.rochester.edu/syndromes/CCMS?content-type=text/html
CDG_II,,AR,Congenital disorder of glycosylation type II,,https://www.dbdb.urmc.rochester.edu/syndromes/CDG_II?content-type=text/html
CDG_IIh,"Severe psychomotor delay, hypotonia, seizures, esotropia, failure to thrive, and progressive microcephaly",AR,Congenital disorder of glycosylation type IIh,,https://www.dbdb.urmc.rochester.edu/syndromes/CDG_IIh?content-type=text/html
CDG_Ia,"Characteristic dysmorphism, intellectual disability, inverted nipples, abnormal subcutaneous fat distribution, and cerebellar hypoplasia",AR,Congenital disorder of glycosylation type Ia,,https://www.dbdb.urmc.rochester.edu/syndromes/CDG_Ia?content-type=text/html
CDG_Ic,"Ataxia, intellectual disability, epilepsy",AR,Congenital disorder of glycosylation type Ic,,https://www.dbdb.urmc.rochester.edu/syndromes/CDG_Ic?content-type=text/html
CDG_Id,"Microcephaly (possibly postnatal), epilepsy, intellectual disability",AR,Congenital disorder of glycosylation type Id,,https://www.dbdb.urmc.rochester.edu/syndromes/CDG_Id?content-type=text/html
CDG_Ie,"Intellectual disability, microcephaly, epilepsy",AR,Congenital disorder of glycosylation type Ie,,https://www.dbdb.urmc.rochester.edu/syndromes/CDG_Ie?content-type=text/html
CDG_If,"Intellectual disability, erythematous, scaley skin, attacks of hypertonia",AR,Congenital disorder of glycosylation type If,,https://www.dbdb.urmc.rochester.edu/syndromes/CDG_If?content-type=text/html
CDG_Ig,"Dysmorphic facies, intellectual disability, postnatal microcephaly, impaired immunity and coagulation deficits",AR,Congenital disorder of glycosylation type Ig,,https://www.dbdb.urmc.rochester.edu/syndromes/CDG_Ig?content-type=text/html
CDG_Ij,"Microcephaly, intellectual disability, epilepsy",AR,Congenital disorder of glycosylation type Ij,,https://www.dbdb.urmc.rochester.edu/syndromes/CDG_Ij?content-type=text/html
CDG_Ik,"Severe developmental delay, intellectual disability, postnatal microcephaly, infant-onset epilepsy, nephrotic syndrome, liver dysfunction, coagulation abnormalities, cardiomyopathy, and immunodeficiency",AR,Congenital disorder of glycosylation type Ik,,https://www.dbdb.urmc.rochester.edu/syndromes/CDG_Ik?content-type=text/html
CDLS,"Characteristic facial dysmorphology, prenatal growth restriction, microcephaly, intellectual disability, upper limb reduction defects",AD/de novo or XL,Cornelia de Lange syndrome,Brachmann-de Lange syndrome,https://www.dbdb.urmc.rochester.edu/syndromes/CDLS?content-type=text/html
CEDNIKS,"Microcephaly, neurologic impairment, characteristic facial dysmorphology, and palmoplantar keratoderma and late-onset ichthyosis.",AR,"Cerebral dysgenesis, neuropathy, ichthyosis and keratoderma syndrome",,https://www.dbdb.urmc.rochester.edu/syndromes/CEDNIKS?content-type=text/html
CFC,"Cardiac anomalies (pulmonic stenosis and other valve dysplasias, septal defects, hypertrophic cardiomyopathy, rhythm disturbances), cutaneous findings, distinctive hair, some intellectual disability",AD/de novo,Cardiofaciocutaneous syndrome,,https://www.dbdb.urmc.rochester.edu/syndromes/CFC?content-type=text/html
CHAC,"Chorea, occasionally Parkinsonism, myopathy, elevated CK, acanthocytosis",AR,Chorea-acanthocytosis syndrome,,https://www.dbdb.urmc.rochester.edu/syndromes/CHAC?content-type=text/html
CHARGE,"CHARGE stands for Coloboma, Heart defects, Atresia choanae, Retarded growth, Genital anomalies, and Ear anomalies.",AD,CHARGE syndrome,Hall-Hittner Syndrome,https://www.dbdb.urmc.rochester.edu/syndromes/CHARGE?content-type=text/html
CHILD,"Organ asymmetry often with hypoplasia on the side of ichthyosis and limb malformations. Organs affected can include lung, thyroid, psoas muscle, cranial nerves, brainstem, cerebellum, and spinal cord.",XL,CHILD syndrome,"Ichthyosiform erythroderma, unilateral, with ipsilateral malformations, especially absence deformity of limbs",https://www.dbdb.urmc.rochester.edu/syndromes/CHILD?content-type=text/html
CK,"Intellectual disability, epilepsy, thin body habitus, brain malformations.",XL,CK syndrome,,https://www.dbdb.urmc.rochester.edu/syndromes/CK?content-type=text/html
COACH,"COACH stands for Cerebellar vermis hypoplasia, Oligophrenia, Ataxia, ocular Coloboma, and Hepatic fibrosis.",AR,COACH syndrome,A subtype of Joubert syndrome related disorders,https://www.dbdb.urmc.rochester.edu/syndromes/COACH?content-type=text/html
CODAS,"Intellectual disability, cataracts, aberrant dental cusp morphology and delayed eruption, malformations of the external ear, and spondyloepiphyseal dysplasia.",AR,CODAS syndrome,"Cerebral, ocular, dental, auricular, and skeletal anomalies syndrome",https://www.dbdb.urmc.rochester.edu/syndromes/CODAS?content-type=text/html
COFS,"Microcephaly, arthrogryposis, facial dysmorphism (prominent nose, large ears, micrognathia), microphthalmia, scoliosis",AR,Cerebro-Oculo-Facio-Skeletal syndrome,"Pena-Shokeir Syndrome, type II",https://www.dbdb.urmc.rochester.edu/syndromes/COFS?content-type=text/html
CORS,"A spectrum of findings encompassing congenital retinal blindness, polyscystic kidney disease, and cerebellar vermal hypoplasia (Dekaban-Arima Syndrome), congenital retinal blindness, nephronophthisis (Senior-Loken Syndrome)",AR,Cerebello-Ocular-Renal syndrome,"Dekaban-Arima Syndrome, Senior-Loken Syndrome",https://www.dbdb.urmc.rochester.edu/syndromes/CORS?content-type=text/html
Cantu,"Coarse facial features (including broad nasal bridge, wide mouth with full lips and macroglossia), macrocephaly, enlarged heart (increased ventricular mass, enlarged chambers, and normal cardiac function), hypertrichosis, and skeletal abnormalities (thickening of the calvaria, broad ribs, scoliosis, and flaring of the metaphyses).",AD/de novo,Cantu syndrome,,https://www.dbdb.urmc.rochester.edu/syndromes/Cantu?content-type=text/html
Cat_eye,"Iris coloboma, anal atresia with fistula, facial dysmorphism (downslanting palpebral fissures, preauricular tags/pits)",AD,Cat Eye syndrome,"Schmid-Fraccaro Syndrome, Partial Tetrasomy Chromosome 22 Syndrome, Coloboma of Iris-Anal Atresia Syndrome",https://www.dbdb.urmc.rochester.edu/syndromes/Cat_eye?content-type=text/html
Chudley_McCullough,"Sensorineural hearing loss, agenesis of the corpus callosum",AR,Chudley-McCullough syndrome,,https://www.dbdb.urmc.rochester.edu/syndromes/Chudley_McCullough?content-type=text/html
Cockayne,"Postnatal growth failure, including postnatal microcephaly, progressive central nervous system impairment",AR,Cockayne syndrome,,https://www.dbdb.urmc.rochester.edu/syndromes/Cockayne?content-type=text/html
Coffin_Lowry,"Intellectual disability, microcephaly, facial dysmorphism, cardiac anomalies, stimulus-induced drop attacks",XL,Coffin-Lowry syndrome,,https://www.dbdb.urmc.rochester.edu/syndromes/Coffin_Lowry?content-type=text/html
Coffin_Siris,"Aplasia or hypoplasia of distal phalanx or nail of the fifth digit, dysmorphic facial features, intellectual disability.",AD/de novo,Coffin-Siris syndrome,Fifth digit syndrome,https://www.dbdb.urmc.rochester.edu/syndromes/Coffin_Siris?content-type=text/html
Cohen,"Intellectual disability, postnatal microcephaly, truncal obesity, progressive retinal dystrophy",AR,Cohen syndrome,,https://www.dbdb.urmc.rochester.edu/syndromes/Cohen?content-type=text/html
Costello,"Failure to thrive, mental retardation, coarse facies, sparse/curly hair, loose skin with deep palmar and plantar creases, papillomata of the face/perianal region, cardiac valvular disease and cardiac rhythm disturbances.",AD/de novo,Costello syndrome,Faciocutaneoskeletal Syndrome,https://www.dbdb.urmc.rochester.edu/syndromes/Costello?content-type=text/html
Crouzon,"Craniosynostosis, hypertelorism, exophthalmos, beaked nose, mandibular prognathism.",AD,Crouzon syndrome,"Craniofacial dysostosis, type 1",https://www.dbdb.urmc.rochester.edu/syndromes/Crouzon?content-type=text/html
Crouzon_acanthosis,"Craniosynostosis, acanthosis nigricans",AD,Crouzon with acanthosis nigricans syndrome,Crouzonodermoskeletal syndrome,https://www.dbdb.urmc.rochester.edu/syndromes/Crouzon_acanthosis?content-type=text/html
DEND,"Onset of hyperglycemia in the first 6 months of life that does not resolve, infant-onset epilepsy, failure to thrive",AD,"Developmental delay, epilepsy, neonatal diabetes",Permanent Neonatal Diabetes Mellitus,https://www.dbdb.urmc.rochester.edu/syndromes/DEND?content-type=text/html
DM1,"Mild DM1 is characterized by cataract and mild myotonia (sustained muscle contraction); life span is normal. Classic DM1 is characterized by muscle weakness and wasting, myotonia, cataract, and often cardiac conduction abnormalities; adults may become physically disabled and may have a shortened life span. Congenital DM1 is characterized by hypotonia and severe generalized weakness at birth, often with respiratory insufficiency and early death; intellectual disability is common.",AD,Myotonic dystrophy type 1,Steinert disease,https://www.dbdb.urmc.rochester.edu/syndromes/DM1?content-type=text/html
DMC,"Progressive spondyloepimetaphyseal dysplasia, short stature, intellectual disability",AR,Dyggve-Melchior-Clausen syndrome,,https://www.dbdb.urmc.rochester.edu/syndromes/DMC?content-type=text/html
DMD,"Proximal weakness, intellectual disability",XL,Duchenne muscular dystrophy,,https://www.dbdb.urmc.rochester.edu/syndromes/DMD?content-type=text/html
Dravet,"Epilepsy, particularly early onset febrile status epilepticus, ataxia, developmental delay, intellectual disability",AD/de novo,Dravet syndrome,GEFS plus,https://www.dbdb.urmc.rochester.edu/syndromes/Dravet?content-type=text/html
EA2,"Spells of incoordination and imbalance, often associated with progressive ataxia.",AD,Episodic Ataxia type 2,,https://www.dbdb.urmc.rochester.edu/syndromes/EA2?content-type=text/html
FCCS,"Neurodegeneration, seizures, cutaneous abnormalities, systemic iron overload",XL,Ferro-Cerebro-Cutaneous syndrome,,https://www.dbdb.urmc.rochester.edu/syndromes/FCCS?content-type=text/html
FFEVF,Seizures arising from varied cortical regions,AD,Familial focal epilepsy with variable foci,,https://www.dbdb.urmc.rochester.edu/syndromes/FFEVF?content-type=text/html
FG,"Mental retardation, congenital hypotonia, macrocephaly, imperforate anus",XL,FG syndrome,"Opitz-Kaveggia Syndrome, Keller Syndrome",https://www.dbdb.urmc.rochester.edu/syndromes/FG?content-type=text/html
FHD,"Severe neonatal and early infantile encephalopathy that is characterized by poor feeding, failure to thrive, hypotonia, lethargy, and seizures.",AR,Fumarate hydratase deficiency,Fumaric aciduria,https://www.dbdb.urmc.rochester.edu/syndromes/FHD?content-type=text/html
FOARS,"Craniofacial dysmorphology, ocular abnormalities, hearing loss, agenesis of the corpus callosum, intellectual disability, ophalocele, congenital diaphragmatic hernia",AR,Facio-oculo-acoustico-renal syndrome,Donnai-Barrow syndrome,https://www.dbdb.urmc.rochester.edu/syndromes/FOARS?content-type=text/html
FPKD,"Involuntary movements (dystonia, chorea) precipitated by changes in movement",AD,Familial paroxysmal kinesigenic dyskinesia,"Paroxysmal kinesigenic choreoathetosis, paroxysmal kinesigenic dyskinesia",https://www.dbdb.urmc.rochester.edu/syndromes/FPKD?content-type=text/html
FRX,"Intellectual disability, autism, characteristic facies",XL,Fragile X syndrome,,https://www.dbdb.urmc.rochester.edu/syndromes/FRX?content-type=text/html
Feingold,"Characteristic digital anomalies, microcephaly, facial dysmorphism, gastrointestinal anomalies",AD,Feingold syndrome,Oculodigitoesophagoduodenal syndrome,https://www.dbdb.urmc.rochester.edu/syndromes/Feingold?content-type=text/html
Floating_Harbor,"Characteristic dysmorphology, short stature, intellectual disability, skeletal anomalies",AD/de novo,Floating-Harbor syndrome,,https://www.dbdb.urmc.rochester.edu/syndromes/Floating_Harbor?content-type=text/html
Fraser,"Cryptophthalmos, syndactyly, ambiguous genitalia, laryngeal, and genitourinary malformations, oral clefting and intellectual disability",AR,Fraser syndrome,,https://www.dbdb.urmc.rochester.edu/syndromes/Fraser?content-type=text/html
Fryns,"Diaphragmatic defect (hernia, eventration, hypoplasia or agenesis), coarse facies, hypertelorism, distal digital hypoplasia",AR,Fryns syndrome,,https://www.dbdb.urmc.rochester.edu/syndromes/Fryns?content-type=text/html
Fryns_microphthalmia,"Anophthalmia/microphthalmia, bilateral cleft lip/cleft palate, facial clefting, abnormal ears",AR,Fryns microphthalmia syndrome,"Microphthalmia with facial clefting, Anophthalmia-Plus Syndrome",https://www.dbdb.urmc.rochester.edu/syndromes/Fryns_microphthalmia?content-type=text/html
Fukuyama,"Severe hypotonia and generalized muscle weakness, cobblestone malformation, contractures of extremities, myopathic facies",AR,Fukuyama congenital muscular dystrophy,,https://www.dbdb.urmc.rochester.edu/syndromes/Fukuyama?content-type=text/html
GEFS,A spectrum of epilepsy disorders that includes simple febrile seizures and generalized epilepsy with febrile seizures plus,AD/de novo,Generalized epilepsy with febrile seizures plus,,https://www.dbdb.urmc.rochester.edu/syndromes/GEFS?content-type=text/html
GLUT1DS,"Infant-onset epilepsy, progressive microcephaly, and a variety of movement disorders",AD/de novo,Glucose transporter type 1 deficiency syndrome,"De Vivo disease, GLUT1 deficiency syndrome",https://www.dbdb.urmc.rochester.edu/syndromes/GLUT1DS?content-type=text/html
Galloway_Mowat,"Nephrotic syndrome, microcephaly, intellectual disability",AR,Galloway-Mowat syndrome,"Microcephaly, hiatal hernia, and nephrotic syndrome; Nephrosis, neuronal dysmigration syndrome",https://www.dbdb.urmc.rochester.edu/syndromes/Galloway_Mowat?content-type=text/html
GdlTS,Presence for more than a year of multiple motor tics and at least one vocal tic.,Unknown,Gilles de la Tourette syndrome,"Tourette syndrome, Maladie de Tics",https://www.dbdb.urmc.rochester.edu/syndromes/GdlTS?content-type=text/html
Goldberg_Shprintzen,"Hirschsprung disease, generalized polymicrogyria",AR,Goldberg-Shprintzen syndrome,,https://www.dbdb.urmc.rochester.edu/syndromes/Goldberg_Shprintzen?content-type=text/html
Goldenhar,"Hemifacial microsomia involving first and second branchial arch derivatives (ie eye, ear, palate), preauricular tags",AD,Goldenhar syndrome,"Oculoauriculovertebral dysplasia or spectrum, facioauriculovertebral sequence",https://www.dbdb.urmc.rochester.edu/syndromes/Goldenhar?content-type=text/html
Goltz,"Dermal defects (poikiloderma), papillomas of the mucous membranes or skin, digital anomalies, dental anomalies","XL, lethal in males",Goltz syndrome,"Focal Dermal Hypoplasia, Goltz-Gorlin Syndrome",https://www.dbdb.urmc.rochester.edu/syndromes/Goltz?content-type=text/html
HD,"Progressive chorea, cognitive decline, psychiatric disturbance",AD,Huntington disease,Huntington chorea,https://www.dbdb.urmc.rochester.edu/syndromes/HD?content-type=text/html
Hallermann_Streiff,"Dysmorphic facies (hypoplastic mandible, small beaked nose), microphthalmia, hypotrichosis, dwarfism",AD/de novo,Hallermann-Streiff syndrome,"Francois Dyscephalic Syndrome, Oculomandibulodyscephaly with Hypotrichosis syndrome, Oculodentodigital dysplasia syndrome",https://www.dbdb.urmc.rochester.edu/syndromes/Hallermann_Streiff?content-type=text/html
Hennekam,"Generalized lymphatic dysplasia, facial dysmorphism, intellectual disability.",AR,Hennekam syndrome,Hennekam Lymphangiectasia-Lymphedema syndrome,https://www.dbdb.urmc.rochester.edu/syndromes/Hennekam?content-type=text/html
INAD,"Developmental regression, hypotonia, and progressive spastic tetraparesis. Strabismus, nystagmus, optic atrophy and cerebellar atrophy are common.",AR,Infantile neuroaxonal dystrophy,PLA2G6-Associated neurodegeneration,https://www.dbdb.urmc.rochester.edu/syndromes/INAD?content-type=text/html
Ito,Macular hypopigmented skin streaks and whorls.,Postzygotic/Mosaic?,Hypomelanosis of Ito,Incontinentia pigmenti achromians,https://www.dbdb.urmc.rochester.edu/syndromes/Ito?content-type=text/html
JSRD,"Abnormal eye movements, neonatal disordered breathing (tachypnea, hyperpnea, central apnea), molar tooth malformation",AR,Joubert syndrome related disorders,Joubert Syndrome,https://www.dbdb.urmc.rochester.edu/syndromes/JSRD?content-type=text/html
Johanson_Blizzard,"Poor growth, intellectual disability, dysmorphic features (aplasia or hypoplasia of the nasal alae), abnormal hair pattern, abnormal teeth. Can have sensorineural hearing loss.",AR,Johanson-Blizzard syndrome,,https://www.dbdb.urmc.rochester.edu/syndromes/Johanson_Blizzard?content-type=text/html
KBG,"Intellectual disability, macrodontia of upper central incisors, facial dysmorphology, short stature, skeletal anomalies.",AD,KBG syndrome,,https://www.dbdb.urmc.rochester.edu/syndromes/KBG?content-type=text/html
KPLBS,"Severe developmental delay, intellectual disability, microcephaly, lipodystrophy, aged appearance.",AD/De novo,Keppen-Lubinsky syndrome,,https://www.dbdb.urmc.rochester.edu/syndromes/KPLBS?content-type=text/html
KTWS,Cutaneous hemangiomata with hypertrophy of underlying bone and soft tissue.,AD/de novo,Klippel-Trenauny-Weber syndrome,Angio-osteohypertrophy Syndrome,https://www.dbdb.urmc.rochester.edu/syndromes/KTWS?content-type=text/html
Kabuki,"Short stature, mental retardation, long palpebral fissures with arched eyebrows, prominent ears, persistence of fetal fingerpads, 5th finger brachydactyly, vertebral deformity, hypogammaglobulinemia",AD,Kabuki syndrome,Niikawa-Kuroki Syndrome,https://www.dbdb.urmc.rochester.edu/syndromes/Kabuki?content-type=text/html
Kallmann,Isolated GnRH deficiency and anosmia.,"XL, AD",Kallmann syndrome,,https://www.dbdb.urmc.rochester.edu/syndromes/Kallmann?content-type=text/html
Kleefstra,"Intellectual disability, severe abnormality of speech development, microcephaly, hypotonia, and characteristic facial features (hypertelorism, synophrys, midface hypoplasia, protruding tongue, eversion of the lower lip, and prognathism.) Congenital heart defects and childhood obesity common.",AD/de novo,Kleefstra syndrome,,https://www.dbdb.urmc.rochester.edu/syndromes/Kleefstra?content-type=text/html
Knobloch,"Eye anomalies, occipital skull defects, ranging from occipital encephalocele to occult cutis aplasia",AR,Knobloch syndrome,,https://www.dbdb.urmc.rochester.edu/syndromes/Knobloch?content-type=text/html
Kufor_Rakeb,"Juvenile-onset Parkinsonism,  supranuclear gaze palsy, spasticity, and dementia",AR,Kufor-Rakeb syndrome,Pallidopyramidal degeneration with supranuclear upgaze paresis and dementia,https://www.dbdb.urmc.rochester.edu/syndromes/Kufor_Rakeb?content-type=text/html
LIG4,"Lympho-reticular malignancies, significant microcephaly, and radiation hypersensitivity.",AR,LIG4 syndrome,,https://www.dbdb.urmc.rochester.edu/syndromes/LIG4?content-type=text/html
Leber,"Retinal dystrophy, Franceschetti sign, nystagmus",AR,Leber amaurosis,,https://www.dbdb.urmc.rochester.edu/syndromes/Leber?content-type=text/html
Lenz,"Unilateral or bilateral microphthalmia, malformations of the ears, teeth, fingers, skeleton, and/or genitourinary system.",XL,Lenz microphthalmia syndrome,"Lenz Dysplasia, Syndromic Microphthalmia",https://www.dbdb.urmc.rochester.edu/syndromes/Lenz?content-type=text/html
Lenz_Majewski,"Intellectual disability, delayed closure of fontanel, symphalangism, progressive skeletal sclerosis, growth restriction",AD/de novo,Lenz-Majewski syndrome,Lenz-Majewski hyperostotic dwarfism,https://www.dbdb.urmc.rochester.edu/syndromes/Lenz_Majewski?content-type=text/html
Lowe,"Congenital cataracts, infantile glaucoma, hypotonia, intellectual disability",XL,Lowe syndrome,Oculocerebrorenal Syndrome,https://www.dbdb.urmc.rochester.edu/syndromes/Lowe?content-type=text/html
MACLS,"Macrocephaly, characteristic facies, severe hyperlaxity of skin, moderate to severe scoliosis with short stature",AR,"Macrocephaly, alopecia, cutis laxa, and scoliosis syndrome",,https://www.dbdb.urmc.rochester.edu/syndromes/MACLS?content-type=text/html
MAC_AUT,,AD,Macrocephaly-Autism syndrome,,https://www.dbdb.urmc.rochester.edu/syndromes/MAC_AUT?content-type=text/html
MASA,"Agenesis of the corpus callosum, intellectual disability, lower extremity spasticity, adducted thumbs",XL,MASA syndrome,"Mental retardation, Aphasia, Spastic paraparesis, Adducted thumbs syndrome",https://www.dbdb.urmc.rochester.edu/syndromes/MASA?content-type=text/html
MCAP,,"Postzygotic/Mosaic (most), AD/de novo (rare)",Megalencephaly capillary malformation syndrome,Megalencephaly-Cutis Marmorata Telangiectatica Congenita,https://www.dbdb.urmc.rochester.edu/syndromes/MCAP?content-type=text/html
MEB,"Congenital muscular dystrophy, cobblestone brain malformation, ocular abnormalities",AR,Muscle-eye-brain syndrome,,https://www.dbdb.urmc.rochester.edu/syndromes/MEB?content-type=text/html
MFD_MIC,"Choanal atresia, cleft palate, maxillary and mandibular hypoplasia, microtia, microcephaly",AD/de novo,Mandibulofacial dysostosis with microcephaly,,https://www.dbdb.urmc.rochester.edu/syndromes/MFD_MIC?content-type=text/html
MICLCR,"The three cardinal features of this syndrome are microcephaly, ocular abnormalities (predominantly chorioretinopathy) and variable lower limb lymphedema.",AD and AR reported,Microcephaly with lymphedema and chorioretinopathy,,https://www.dbdb.urmc.rochester.edu/syndromes/MICLCR?content-type=text/html
MIC_CAP,"Progressive microcephaly, infant-onset epilepsy including infantile spasms",AR,Microcephaly capillary malformation syndrome,,https://www.dbdb.urmc.rochester.edu/syndromes/MIC_CAP?content-type=text/html
MLS,Unilateral or bilateral microophthalmia and/or anophthalmia and linear skin defects,XL,Microphthalmia with linear skin defects syndrome,"Microphthalmia, dermal aplasia, and sclerocornea",https://www.dbdb.urmc.rochester.edu/syndromes/MLS?content-type=text/html
MOPD1,,AR,Microcephalic osteodysplastic primordial dwarfism type I,,https://www.dbdb.urmc.rochester.edu/syndromes/MOPD1?content-type=text/html
MOPD2,"Severe growth deficiency, abnormal facial features including prominent nose, and malformed ears, high-pitched voice, distinct radiological abnormalities including shortening of middle and distal segments of the limbs, progressive bony dysplasia (cox vara, epiphysiolysis, metaphyseal flaring, V-shaped distal femoral metaphases), absent or mild intellectual disability. Brain imaging findings include dilated intracranial arteries that resemble aneurysms or Moyamoya disease",AR,Microcephalic osteodysplastic primordial dwarfism type II,,https://www.dbdb.urmc.rochester.edu/syndromes/MOPD2?content-type=text/html
MPPH,"Megalencephaly, with head circumference +3 to +4 SD above the mean, bilateral polymicrogyria, postaxial polydactyly, hydrocephalus",AD/de novo,Megalencephaly polymicrogyria polydactyly hydrocephalus syndrome,,https://www.dbdb.urmc.rochester.edu/syndromes/MPPH?content-type=text/html
Mabry,"Intellectual disability, seizures, elevated alkaline phosphatase.",AR,Mabry syndrome,Hyperphosphatasia with mental retardation syndrome,https://www.dbdb.urmc.rochester.edu/syndromes/Mabry?content-type=text/html
Marden_Walker,"Blepharophimosis, micrognathia, distal arthrogryposis, arachnodactyly",AR,Marden-Walker syndrome,,https://www.dbdb.urmc.rochester.edu/syndromes/Marden_Walker?content-type=text/html
Marinesco_Sjogren,"Cerebellar ataxia, early-onset cataracts, chronic myopathy, variable intellectual disability and delayed motor development.",AR,Marinesco-Sjögren syndrome,,https://www.dbdb.urmc.rochester.edu/syndromes/Marinesco_Sjogren?content-type=text/html
Marshall_Smith,"Accelerated skeletal maturation, mental retardation, facial dysmorphism (prominent forehead, shallow orbits, blue sclerae, midface hypoplasia, micrognathia).",,Marshall-Smith syndrome,,https://www.dbdb.urmc.rochester.edu/syndromes/Marshall_Smith?content-type=text/html
Matthew_Wood,"PDAC stands for Pulmonary aplasia/dysgenesis/hypoplasia, Diaphragmatic eventration/hernia, Anophthalmia/microphthalmia/ocular dysplasia, Cardiac defect",AR,Matthew-Wood syndrome,PDAC,https://www.dbdb.urmc.rochester.edu/syndromes/Matthew_Wood?content-type=text/html
Meckel_Gruber,"Renal cysts, various abnormalities of the CNS (most often encephalocele), hepatic ductal dysplasia, polydactyly",AR,Meckel-Gruber syndrome,Dysencephalia splanchnocystica,https://www.dbdb.urmc.rochester.edu/syndromes/Meckel_Gruber?content-type=text/html
Meier_Gorlin,,,Meier-Gorlin syndrome,,https://www.dbdb.urmc.rochester.edu/syndromes/Meier_Gorlin?content-type=text/html
Menkes,"Loss of milestones, infant-onset epilepsy, hypotonia, failure to thrive, and characteristic hair abnormalities.",XL,Menkes disease,,https://www.dbdb.urmc.rochester.edu/syndromes/Menkes?content-type=text/html
Miller_Dieker,"Lissencephaly, microcephaly, bitemporal narrowing, vertical furrowing in central forehead, anteverted nares, micrognathia",AD,Miller-Dieker syndrome,,https://www.dbdb.urmc.rochester.edu/syndromes/Miller_Dieker?content-type=text/html
Mohr_Tranebjaerg,"Dystonia, progressive hearing loss",XL,Mohr-Tranebjaerg syndrome,,https://www.dbdb.urmc.rochester.edu/syndromes/Mohr_Tranebjaerg?content-type=text/html
Mowat_Wilson,"Microcephaly, mental retardation, cupped ears, hypertelorism, downslanting palprebral fissures, deep-set eyes, prominent nasal tip with long columella, varying absence of the enteric ganglia (Hirschsprung disease)",AD,Mowat-Wilson syndrome,Hirschsprung disease-mental retardation syndrome,https://www.dbdb.urmc.rochester.edu/syndromes/Mowat_Wilson?content-type=text/html
NBS,"Progressive microcephaly, intrauterine growth retardation and short stature, recurrent sinopulmonary infections, an increased risk for cancer, and premature ovarian failure in females.",AR,Nijmegen breakage syndrome,Berlin breakage syndrome,https://www.dbdb.urmc.rochester.edu/syndromes/NBS?content-type=text/html
NF1,"Cafe au lait macules (6 or more greater than 5 mm in prepubertal persons or over 15 mm in postpubertal persons), axillary and/or inguinal freckling, dermal neurofibromas (two or more) or one plexiform neurofibroma, Lisch nodules.",AD,Neurofibromatosis type 1,Von Recklinghausen Disease,https://www.dbdb.urmc.rochester.edu/syndromes/NF1?content-type=text/html
NKH,"Lethargy, hypotonia, apnea, intractable seizures (classic neonatal form), later-onset seizures, choreoathetosis, mental retardation, vertical gaze palsy (infant-onset and atypical forms)",AR,Nonketotic hyperglycinemia,Glycine encephalopathy,https://www.dbdb.urmc.rochester.edu/syndromes/NKH?content-type=text/html
NSHLD,"Childhood-onset, progressive, moderate-to-severe high-frequency sensorineural hearing impairment, without other medical findings",AR,Nonsyndromic hearing loss and deafness,DFNA3,https://www.dbdb.urmc.rochester.edu/syndromes/NSHLD?content-type=text/html
Nance_Horan,"Dense nuclear cataracts, microcornea, abnormal teeth",XL,Nance-Horan syndrome,"Cataract-Dental Syndrome, Mesiodens-Cataract Syndrome",https://www.dbdb.urmc.rochester.edu/syndromes/Nance_Horan?content-type=text/html
Neu_Laxova,"Severe IUGR, ectodermal dysplasia and edema, malformations of the CNS, limb abnormalities (syndactyly, camptodactyly, flexion contractures, pterygia).",AR,Neu-Laxova syndrome,,https://www.dbdb.urmc.rochester.edu/syndromes/Neu_Laxova?content-type=text/html
Noonan,"Short stature, congenital heart defects, variable developmental disability",AD,Noonan syndrome,,https://www.dbdb.urmc.rochester.edu/syndromes/Noonan?content-type=text/html
Norrie,"Pseudogliomas of the eye, total blindness, retinopathy, retinal dystrophy",XL,Norrie disease,Atrophia bulborum hereditaria,https://www.dbdb.urmc.rochester.edu/syndromes/Norrie?content-type=text/html
OCCS,"Cystic microphthalmia, periorbital skin appendages, CNS abnormalities, including of the ventricular system.",AR,Oculocerebrocutaneous syndrome,Delleman Syndrome,https://www.dbdb.urmc.rochester.edu/syndromes/OCCS?content-type=text/html
OFD1,"Median cleft lip, lobulated tongue, bifid tongue, tongue hamartoma, facial asymmetry, frontal bossing, hypertelorism, abnormalities of fingers and toes (clinodactyly, syndactyly, brachydactyly).",XL,Oro-facial-digital syndrome type 1,Papillon-League-Psaume Syndrome,https://www.dbdb.urmc.rochester.edu/syndromes/OFD1?content-type=text/html
Ohdo,"Intellectual disability, cryptorchidism, patellar hypoplasia/agenesis",AD,Ohdo syndrome,"Genitopatellar Syndrome, Say-Barber-Biesecker Variant of Ohdo Syndrome",https://www.dbdb.urmc.rochester.edu/syndromes/Ohdo?content-type=text/html
OpitzG_BBB,"Intellectual disability, agenesis of the corpus callosum",XL,Opitz G/BBB syndrome,,https://www.dbdb.urmc.rochester.edu/syndromes/OpitzG_BBB?content-type=text/html
PCH1,"Pontocerebellar hypoplasia, anterior horn cell disease",AR,Pontocerebellar hypoplasia type 1,,https://www.dbdb.urmc.rochester.edu/syndromes/PCH1?content-type=text/html
PCH2,,,Pontocerebellar hypoplasia type 2,,https://www.dbdb.urmc.rochester.edu/syndromes/PCH2?content-type=text/html
PCH3,"Pontocerebellar hypoplasia, optic atrophy",AR,Pontocerebellar hypoplasia type 3,,https://www.dbdb.urmc.rochester.edu/syndromes/PCH3?content-type=text/html
PCH4,,,Pontocerebellar hypoplasia type 4,,https://www.dbdb.urmc.rochester.edu/syndromes/PCH4?content-type=text/html
PCH5,,,Pontocerebellar hypoplasia type 5,,https://www.dbdb.urmc.rochester.edu/syndromes/PCH5?content-type=text/html
PCH6,"Pontocerebellar hypoplasia, elevated CSF lactate, edema",AR,Pontocerebellar hypoplasia type 6,,https://www.dbdb.urmc.rochester.edu/syndromes/PCH6?content-type=text/html
PCH7,"Pontocerebellar hypoplasia, hypogonadism",AR,Pontocerebellar hypoplasia type 7,,https://www.dbdb.urmc.rochester.edu/syndromes/PCH7?content-type=text/html
PDH,"Episodic ataxia, hypotonia, lactic acidosis, increased blood and CSF pyruvate, some have facial dysmorphology",XL,Pyruvate dehydrogenase complex deficiency,"Pyruvate decarboxylase deficiency, Pyruvate dehydrogenase E1-Alpha Deficiency, Thiamine-responsive lactic acidosis",https://www.dbdb.urmc.rochester.edu/syndromes/PDH?content-type=text/html
PHTS,,AD,PTEN-hamartoma tumor syndrome,Cowden syndrome,https://www.dbdb.urmc.rochester.edu/syndromes/PHTS?content-type=text/html
PMSE,"Polyhydramnios, preterm labour and distinctive craniofacial features, megalencephaly, infantile-onset intractable multifocal seizures and severe psychomotor retardation.",AR,"Polyhydramnios, megalencephaly and symptomatic epilepsy syndrome",Pretzel syndrome,https://www.dbdb.urmc.rochester.edu/syndromes/PMSE?content-type=text/html
PNPO_deficiency,"A neonatal epileptic encephalopathy that responds to pyridoxal phosphate (PLP), but not pyridoxine",AR,Pyridoxine 5-phosphate oxidase deficiency,,https://www.dbdb.urmc.rochester.edu/syndromes/PNPO_deficiency?content-type=text/html
PYRDE,Multiple types of seizures that respond clinically and electrographically to pyridoxine,AR,Pyridoxine-dependent epilepsy,,https://www.dbdb.urmc.rochester.edu/syndromes/PYRDE?content-type=text/html
Pfeiffer,"Coronal craniosynostosis, hypertelorism, proptosis, broad thumbs and great toes, syndactyly of fingers/toes",AD,Pfeiffer syndrome,"Acrocephalosyndactyly, type V, craniofacial-skeletal-dermatologic dysplasia",https://www.dbdb.urmc.rochester.edu/syndromes/Pfeiffer?content-type=text/html
Phelan_McDermid,"Autism, intellectual disability, temperature dysregulation, speech delay",AD/de novo,Phelan-McDermid syndrome,,https://www.dbdb.urmc.rochester.edu/syndromes/Phelan_McDermid?content-type=text/html
Pitt_Hopkins,"Intellectual disability, characteristic facial dysmorphology, episodic breathing rhythm disturbances",AD/de novo,Pitt-Hopkins syndrome,,https://www.dbdb.urmc.rochester.edu/syndromes/Pitt_Hopkins?content-type=text/html
Proteus,"Asymmetric overgrowth, connective tissue and epidermal nevi, hyperostoses, ovarian cystadenomas, parotid monomorphic adenoma, dysregulated adipose tissue, vascular malformation",Mosaic,Proteus syndrome,,https://www.dbdb.urmc.rochester.edu/syndromes/Proteus?content-type=text/html
Proud,"Agenesis of the corpus callosum, mental retardation, seizures, limb abnormalities. Females have spastic quadriplegia. Males have severe micrencephaly.",XL,Proud syndrome,ACC with abnormal genitalia,https://www.dbdb.urmc.rochester.edu/syndromes/Proud?content-type=text/html
PseudoTORCH,,AR,Pseudo-TORCH syndrome,,https://www.dbdb.urmc.rochester.edu/syndromes/PseudoTORCH?content-type=text/html
QDPRD,"Hyperphenylalaninemia, intellectual disability, epilepsy, progressive basal ganglia calcification",AR,Quinoid dihydropteridine reductase deficiency,BH4-Deficient hyperphenylalaninemia C,https://www.dbdb.urmc.rochester.edu/syndromes/QDPRD?content-type=text/html
RCS,Renal hypodysplasia and optic nerve coloboma,AD,Renal-Coloboma syndrome,"Coloboma-Renal syndrome, Papillorenal syndrome",https://www.dbdb.urmc.rochester.edu/syndromes/RCS?content-type=text/html
RDP,"Abrupt onset of dystonia, bradykinesia, postural instability",AD,Rapid-onset dystonia-Parkinsonism,DYT12,https://www.dbdb.urmc.rochester.edu/syndromes/RDP?content-type=text/html
RESI,,XL,Rolandic epilepsy with speech impairment,,https://www.dbdb.urmc.rochester.edu/syndromes/RESI?content-type=text/html
Renpenning,,XL,Renpenning syndrome,,https://www.dbdb.urmc.rochester.edu/syndromes/Renpenning?content-type=text/html
Rett,,XL,Rett syndrome,,https://www.dbdb.urmc.rochester.edu/syndromes/Rett?content-type=text/html
Rubinstein_Taybi,"Characteristic dysmorphic facial features, broad thumbs and great toes, postnatal microcephaly, intellectual disability",AD/de novo,Rubinstein-Taybi syndrome,,https://www.dbdb.urmc.rochester.edu/syndromes/Rubinstein_Taybi?content-type=text/html
SLOS,"Growth retardation, mental retardation, distinctive facies (including micrognathia, low-set/posteriorly-rotated ears, ptosis, epicanthal folds, hypertelorism), cleft palate, structural cardiac defects, abnormal male genitalia (ie hypospadius), postaxial polydactyly, syndactyly of toes 2-3",AR,Smith-Lemli-Opitz syndrome,RSH Syndrome (acronym derived from the first 3 families identified with the condition),https://www.dbdb.urmc.rochester.edu/syndromes/SLOS?content-type=text/html
SOD,Hypoplasia or agenesis of the septum pellucidum and optic nerve,AD,Septooptic dysplasia,,https://www.dbdb.urmc.rochester.edu/syndromes/SOD?content-type=text/html
SPG11,"Upper motor neuron signs, leg spasticity, onset typically before age 20 years, abnormal (thin) corpus callosum",AR,Spastic paraplegia type 11,"Complicated hereditary spastic paraplegia, with thin corpus callosum",https://www.dbdb.urmc.rochester.edu/syndromes/SPG11?content-type=text/html
SSADH,"4-hydroxybutyric aciduria, mild-moderate mental retardation, disproportionate language dysfunction, hypotonia, hyporeflexia, autistic behaviors, seizures, and hallucinations.",AR,Succinic semialdehyde dehydrogenase deficiency,,https://www.dbdb.urmc.rochester.edu/syndromes/SSADH?content-type=text/html
Sebaceous_nevus,Sebaceous nevus of the face/scalp,Postzygotic/Mosaic,Sebaceous nevus syndrome,"Nevus sebaceus of Jadassohn, Epidermal nevus syndrome, Linear sebaceous nevus sequence",https://www.dbdb.urmc.rochester.edu/syndromes/Sebaceous_nevus?content-type=text/html
Seckel,"Severe intrauterine and postnatal growth deficiency, abnormal facial features (large eyes, beaklike nose, narrow face, receding jaw) and variable intellectual disability. Some affected individuals have various types of myelodysplasia (pancytopenia, acute myeloid leukemia). Brain imaging findings include microcephaly with simplified gyral pattern.",AR,Seckel syndrome,"Bird-headed dwarfism, Nanocephalic dwarfism, Microcephalic primordial dwarfism",https://www.dbdb.urmc.rochester.edu/syndromes/Seckel?content-type=text/html
Simpson_Golabi_Behmel,"Macrosomia, coarse facies, intellectual disability",XL,Simpson-Golabi-Behmel syndrome,,https://www.dbdb.urmc.rochester.edu/syndromes/Simpson_Golabi_Behmel?content-type=text/html
Smith_Magenis,"Intellectual disability, autism, characteristic facies",AD/de novo,Smith-Magenis syndrome,,https://www.dbdb.urmc.rochester.edu/syndromes/Smith_Magenis?content-type=text/html
Snyder_Robinson,"Intellectual disability, thin habitus with diminished muscle mass, osteoporosis, kyphoscoliosis, facial dysmorphism (asymmetry, full lower lip), long great toes, and nasal or dysarthric speech.",XL,Snyder-Robinson syndrome,,https://www.dbdb.urmc.rochester.edu/syndromes/Snyder_Robinson?content-type=text/html
Sotos,"Overgrowth, learning disability, characteristic facies.",AD/de novo,Sotos syndrome,"Sotos-Dodge syndrome, cerebral gigantism",https://www.dbdb.urmc.rochester.edu/syndromes/Sotos?content-type=text/html
TARP,"Talipes equinovarus, atrial septal defect (ASD), Robin sequence (micrognathia, glossoptosis, and cleft palate), and persistence of the left superior vena cava",XL,TARP syndrome,,https://www.dbdb.urmc.rochester.edu/syndromes/TARP?content-type=text/html
TSC,"Hypopigmented macules (""ash-leaf spots""), facial angiofibromas, shagreen patches, ungual fibromas, cortical tubers, developmental delay, renal angiomyolipomas, cardiac rhabdomyomas",AD,Tuberous sclerosis complex,"Tuberous Sclerosis type 1, Tuberous Sclerosis type 2, Bourneville Disease",https://www.dbdb.urmc.rochester.edu/syndromes/TSC?content-type=text/html
TempleBaraitser,"Intellectual disability, epilepsy, and hypoplasia or aplasia of the nails of the thumb and great toe.","AD/De novo, and Postzygotic/Mosaic",Temple-Baraitser syndrome,,https://www.dbdb.urmc.rochester.edu/syndromes/TempleBaraitser?content-type=text/html
Timothy,"Long QT, congenital heart anomalies, hand and foot findings, characteristic dysmorphology, neuropsychiatric features including autism",AD/de novo,Timothy syndrome,,https://www.dbdb.urmc.rochester.edu/syndromes/Timothy?content-type=text/html
WWS,"Congenital muscular dystrophy, congenital contractures (usually at the elbows), severe CNS dysgenesis (cobblestone malformation, pontine hypoplasia, Dandy-Walker malformation), eye malformations (including coarse trabecular meshwork in anterior chamber resulting in glaucoma, progressive retinal atrophy, congenital or juvenile cataracts, microphthalmia, buphthalmus, Peter anomaly)",AR,Walker-Warburg syndrome,"HARD Syndrome (Hydrocephalus, Agyria, and Retinal Dysplasia), Cerebroocular dysgenesis, Cerebroocular dysplasia-muscular dystrophy syndrome",https://www.dbdb.urmc.rochester.edu/syndromes/WWS?content-type=text/html
Waardenburg_anophthalmia,"Anophthalmia or microphthalmia, limb abnormalities (syndactyly, oligodactyly, dislocation of the elbows and hips, hypoplastic fibulae), growth failure, intellectual disability",AR,Waardenburg anophthalmia syndrome,"Microphthalmia with limb anomalies, Ophthalmoacromelic Syndrome",https://www.dbdb.urmc.rochester.edu/syndromes/Waardenburg_anophthalmia?content-type=text/html
Warburg_Micro,"Microcephaly, microphthalmia, microcornea, congenital cataract, mental retardation, hypogenitalism",AR,Warburg Micro syndrome,Micro Syndrome,https://www.dbdb.urmc.rochester.edu/syndromes/Warburg_Micro?content-type=text/html
Weaver,"Tall stature, variable intellect, dysmorphic facies, associated clinical features including advanced bone age, poor coordination, soft doughy skin, camptodactyly of the fingers or toes, umbilical hernia, abnormal tone, and hoarse low cry in infancy.",AD/de novo,Weaver syndrome,,https://www.dbdb.urmc.rochester.edu/syndromes/Weaver?content-type=text/html
Wiedemann_Steiner,"Hairy elbows, dysmorphic facial appearances (hypertelorism, thick eyebrows, downslanted and vertically narrow palpebral fissures), pre- and post-natal growth deficiency, intellectual disability",AD/de novo,Wiedemann-Steiner syndrome,,https://www.dbdb.urmc.rochester.edu/syndromes/Wiedemann_Steiner?content-type=text/html
Woodhouse_Sakati,"Hypogonadism, alopecia, diabetes mellitus, mental retardation, hearing impairment, and dystonia",AR,Woodhouse-Sakati syndrome,Deafness and dystonia syndrome,https://www.dbdb.urmc.rochester.edu/syndromes/Woodhouse_Sakati?content-type=text/html
XLAG,"Lissencephaly with posterior-anterior gradient (thinner cortex than in classical lissencephaly), agenesis of the corpus callosum, neonatal-onset seizures, ambiguous genitalia (including micropenis, undescended testes, dysgenetic testes)",XL,X-linked lissencephaly abnormal genitalia syndrome,"X-linked lissencephaly with ambiguous genitalia, XLISG",https://www.dbdb.urmc.rochester.edu/syndromes/XLAG?content-type=text/html
XLHYD,"Congenital hydrocephalus, agenesis of corpus callosum, intellectual disability, adducted thumbs",XL,X-linked hydrocephalus,L1 syndrome,https://www.dbdb.urmc.rochester.edu/syndromes/XLHYD?content-type=text/html
XP,"Sun sensitivity, ocular involvement, and increased risk of cutaneous neoplasms (basal cell carcinoma, squamous cell carcinoma, melanoma).",AR,Xeroderma Pigmentosum,DeSanctis-Cacchione syndrome,https://www.dbdb.urmc.rochester.edu/syndromes/XP?content-type=text/html
XPNH,"Periventricular nodular heterotopia, epilepsy",XL,X-linked periventricular nodular heterotopia syndrome,,https://www.dbdb.urmc.rochester.edu/syndromes/XPNH?content-type=text/html
Zellweger,"Dysmorphic facial features (turribrachycephaly, flat round facies, high forehead, abnormal ears), congenital cataracts, hepatomegaly, renal cysts",AR,Zellweger syndrome,"Cerebrohepatorenal Syndrome, Zellweger Spectrum",https://www.dbdb.urmc.rochester.edu/syndromes/Zellweger?content-type=text/html
